1,wow loved this place,Positif,Negatif
2,crust is not good,Negatif,Negatif
3,stopped by during the late may bank holiday off rick steve recommendation and loved it,Positif,Negatif
4,not tasty and the texture was just nasty,Negatif,Negatif
5,the selection on the menu was great and so were the prices,Positif,Negatif
6,now i am getting angry and i want my damn pho,Negatif,Negatif
7,the fries were great too,Positif,Negatif
8,honeslty it didnt taste that fresh,Negatif,Negatif
9,a great touch,Positif,Negatif
10,the potatoes were like rubber and you could tell they had been made up ahead of time being kept under a warmer,Negatif,Negatif
11,service was very prompt,Positif,Negatif
12,would not go back,Negatif,Negatif
13,i tried the cape cod ravoli chicken with cranberrymmmm,Positif,Negatif
14,the cashier had no care what so ever on what i had to say it still ended up being wayyy overpriced,Negatif,Negatif
15,highly recommended,Positif,Negatif
16,i was disgusted because i was pretty sure that was human hair,Negatif,Negatif
17,the food amazing,Positif,Negatif
18,i was shocked because no signs indicate cash only,Negatif,Negatif
19,service is also cute,Positif,Negatif
20,waitress was a little slow in service,Negatif,Negatif
21,i could care less the interior is just beautiful,Positif,Negatif
22,this place is not worth your time  let alone vegas,Negatif,Negatif
23,so they performed,Positif,Negatif
24,did not like at all,Negatif,Negatif
25,thats rightthe red velvet cakeohhh this stuff is so good,Positif,Negatif
26,the burrittos blah,Negatif,Negatif
27,this hole in the wall has great mexican street tacos and friendly staff,Positif,Negatif
28, they never brought a salad we asked for,Negatif,Negatif
29,also there are combos like a burger fries and beer for 23 which is a decent deal,Positif,Negatif
30,took an hour to get our food only 4 tables in restaurant my food was luke warm our sever was running around like he was totally overwhelmed,Negatif,Negatif
31,i found this place by accident and i could not be happier,Positif,Negatif
32,the worst was the salmon sashimi,Negatif,Negatif
33,overall i like this place a lot,Positif,Negatif
34,this was like the final blow,Negatif,Negatif
35,the only redeeming quality of the restaurant was that it was very inexpensive,Positif,Negatif
36,seems like a good quick place to grab a bite of some familiar pub food but do yourself a favor and look elsewhere,Negatif,Negatif
37,ample portions and good prices,Positif,Negatif
38,poor service the waiter made me feel like i was stupid every time he came to the table,Negatif,Negatif
39,my first visit to hiro was a delight,Positif,Negatif
40,service sucks,Negatif,Negatif
41,the shrimp tender and moist,Positif,Negatif
42,there is not a deal good enough that would drag me into that establishment again,Negatif,Negatif
43,on a positive note our server was very attentive and provided great service,Positif,Negatif
44,hard to judge whether these sides were good because we were grossed out by the melted styrofoam and didnt want to eat it for fear of getting sick,Negatif,Negatif
45,the only thing i did like was the prime rib and dessert section,Positif,Negatif
46,frozen pucks of disgust with some of the worst people behind the register,Negatif,Negatif
47,the burger is good beef cooked just right,Positif,Negatif
48,its too bad the food is so damn generic,Negatif,Negatif
49,if you want a sandwich just go to any firehouse,Positif,Negatif
50,they have horrible attitudes towards customers and talk down to each one when customers dont enjoy their food,Negatif,Negatif
51,my side greek salad with the greek dressing was so tasty and the pita and hummus was very refreshing,Positif,Negatif
52,the heart attack grill in downtown vegas is an absolutely flatlined excuse for a restaurant,Negatif,Negatif
53,we ordered the duck rare and it was pink and tender on the inside with a nice char on the outside,Positif,Negatif
54,not much seafood and like 5 strings of pasta at the bottom,Negatif,Negatif
55,he came running after us when he realized my husband had left his sunglasses on the table,Positif,Negatif
56,the ripped banana was not only ripped but petrified and tasteless,Negatif,Negatif
57,their chow mein is so good,Positif,Negatif
58,at least think to refill my water before i struggle to wave you over for 10 minutes,Negatif,Negatif
59,the portion was huge,Positif,Negatif
60,we got the food and apparently they have never heard of salt and the batter on the fish was chewy,Negatif,Negatif
61,loved itfriendly servers great food wonderful and imaginative menu,Positif,Negatif
62,the service was meh,Negatif,Negatif
63,the salad had just the right amount of sauce to not over power the scallop which was perfectly cooked,Positif,Negatif
64,it took over 30 min to get their milkshake which was nothing more than chocolate milk,Negatif,Negatif
65,this place receives stars for their appetizers,Positif,Negatif
66,i guess i should have known that this place would suck because it is inside of the excalibur but i didnt use my common sense,Negatif,Negatif
67,the cocktails are all handmade and delicious,Positif,Negatif
68,the scallop dish is quite appalling for value as well,Negatif,Negatif
69,wed definitely go back here again,Positif,Negatif
70,2 times  very bad customer service ,Negatif,Negatif
71,we are so glad we found this place,Positif,Negatif
72,there is so much good food in vegas that i feel cheated for wasting an eating opportunity by going to rice and company,Negatif,Negatif
73,great food and service huge portions and they give a military discount,Positif,Negatif
74,coming here is like experiencing an underwhelming relationship where both parties cant wait for the other person to ask to break up,Negatif,Negatif
75,always a great time at dos gringos,Positif,Negatif
76,walked in and the place smelled like an old grease trap and only 2 others there eating,Negatif,Negatif
77,updatewent back for a second time and it was still just as amazing,Positif,Negatif
78,the turkey and roast beef were bland,Negatif,Negatif
79,a great way to finish a great,Positif,Negatif
80,the pan cakes everyone are raving about taste like a sugary disaster tailored to the palate of a six year old,Negatif,Negatif
81,the deal included 5 tastings and 2 drinks and jeff went above and beyond what we expected,Positif,Negatif
82,the poor batter to meat ratio made the chicken tenders very unsatisfying,Negatif,Negatif
83, really really good rice all the time,Positif,Negatif
84,in summary this was a largely disappointing dining experience,Negatif,Negatif
85,the sweet potato fries were very good and seasoned well,Positif,Negatif
86,never been to hard rock casino before will never ever step forward in it again,Negatif,Negatif
87,today is the second time ive been to their lunch buffet and it was pretty good,Positif,Negatif
88,say bye bye to your tip lady,Negatif,Negatif
89,this place has it,Positif,Negatif
90,well never go again,Negatif,Negatif
91,i love the pho and the spring rolls oh so yummy you have to try,Positif,Negatif
92,it was not good,Negatif,Negatif
93,all i have to say is the food was amazing,Positif,Negatif
94,real sushi lovers lets be honest  yama is not that good,Negatif,Negatif
95,omelets are to die for,Positif,Negatif
96,at least 40min passed in between us ordering and the food arriving and it wasnt that busy,Negatif,Negatif
97,everything was fresh and delicious,Positif,Negatif
98,it was pretty gross,Negatif,Negatif
99,its like a really sexy party in your mouth where youre outrageously flirting with the hottest person at the party,Positif,Negatif
100,ive had better atmosphere,Negatif,Negatif
101,best breakfast buffet,Positif,Positif
102,kind of hard to mess up a steak but they did,Negatif,Positif
103,will be back again,Positif,Positif
104,although i very much liked the look and sound of this place the actual experience was a bit disappointing,Negatif,Positif
105,food arrived quickly,Positif,Positif
106,i just dont know how this place managed to served the blandest food i have ever eaten when they are preparing indian cuisine,Negatif,Positif
107,on the up side their cafe serves really good food,Positif,Positif
108,worst service to boot but that is the least of their worries,Negatif,Positif
109,our server was fantastic and when he found out the wife loves roasted garlic and bone marrow he added extra to our meal and another marrow to go,Positif,Positif
110,host staff were for lack of a better word bitches,Negatif,Positif
111,the only good thing was our waiter he was very helpful and kept the bloddy marys coming,Positif,Positif
112,bland not a liking this place for a number of reasons and i dont want to waste time on bad reviewing ill leave it at that,Negatif,Positif
113,best buffet in town for the price you cannot beat it,Positif,Positif
114,i wouldnt return,Negatif,Positif
115,i loved their mussels cooked in this wine reduction the duck was tender and their potato dishes were delicious,Positif,Positif
116,this place is way too overpriced for mediocre food,Negatif,Positif
117,this is one of the better buffets that i have been to,Positif,Positif
118,the management is rude,Negatif,Positif
119,so we went to tigerlilly and had a fantastic afternoon,Positif,Positif
120,he was extremely rude and really there are so many other restaurants i would love to dine at during a weekend in vegas,Negatif,Positif
121,the food was delicious our bartender was attentive and personable and we got a great deal,Positif,Positif
122,dont do it,Negatif,Positif
123,the ambience is wonderful and there is music playing,Positif,Positif
124,the waiter wasnt helpful or friendly and rarely checked on us,Negatif,Positif
125,will go back next trip out,Positif,Positif
126,my husband and i ate lunch here and were very disappointed with the food and service,Negatif,Positif
127,sooooo good,Positif,Positif
128,and the red curry had so much bamboo shoots and wasnt very tasty to me,Negatif,Positif
129,this is a really fantastic thai restaurant which is definitely worth a visit,Positif,Positif
130,the menu is always changing food quality is going down  service is extremely slow,Negatif,Positif
131,nice spicy and tender,Positif,Positif
132,the service was a little slow  considering that were served by 3 people servers so the food was coming in a slow pace,Negatif,Positif
133,good prices,Positif,Positif
134,i give it 2 thumbs down,Negatif,Positif
135,check it out,Positif,Positif
136,we watched our waiter pay a lot more attention to other tables and ignore us,Negatif,Positif
137,service was fine and the waitress was friendly,Positif,Positif
138,we waited for forty five minutes in vain,Negatif,Positif
139,the guys all had steaks and our steak loving son who has had steak at the best and worst places said it was the best steak hes ever eaten,Positif,Positif
140,crostini that came with the salad was stale,Negatif,Positif
141,we thought youd have to venture further away to get good sushi but this place really hit the spot that night,Positif,Positif
142,unfortunately we must have hit the bakery on leftover day because everything we ordered was stale,Negatif,Positif
143,phenomenal food service and ambiance,Positif,Positif
144,i came back today since they relocated and still not impressed,Negatif,Positif
145,definitely worth venturing off the strip for the pork belly will return next time im in vegas,Positif,Positif
146,avoid at all cost,Negatif,Positif
147,penne vodka excellent,Positif,Positif
148,so dont go there if you are looking for good food,Negatif,Positif
149,they have a good selection of food including a massive meatloaf sandwich a crispy chicken wrap a delish tuna melt and some tasty burgers,Positif,Positif
150,ive never been treated so bad,Negatif,Positif
151,delicious nyc bagels good selections of cream cheese real lox with capers even,Positif,Positif
152,we also ordered the spinach and avocado salad the ingredients were sad and the dressing literally had zero taste,Negatif,Positif
153,great subway in fact its so good when you come here every other subway will not meet your expectations,Positif,Positif
154,perhaps i caught them on an off night judging by the other reviews but im not inspired to go back,Negatif,Positif
155,i had a seriously solid breakfast here,Positif,Positif
156,the service here leaves a lot to be desired,Negatif,Positif
157,this is one of the best bars with food in vegas,Positif,Positif
158,we literally sat there for 20 minutes with no one asking to take our order,Negatif,Positif
159,my drink was never empty and he made some really great menu suggestions,Positif,Positif
160,the burger had absolutely no flavor  the meat itself was totally bland the burger was overcooked and there was no charcoal flavor,Negatif,Positif
161,nice blanket of moz over top but i feel like this was done to cover up the subpar food,Positif,Positif
162,i also decided not to send it back because our waitress looked like she was on the verge of having a heart attack,Negatif,Positif
163,the bathrooms are clean and the place itself is well decorated,Positif,Positif
164,i dressed up to be treated so rudely,Negatif,Positif
165,my fiancã© and i came in the middle of the day and we were greeted and seated right away,Positif,Positif
166,it was probably dirt,Negatif,Positif
167,this is a great restaurant at the mandalay bay,Positif,Positif
168,the food sucked which we expected but it sucked more than we could have imagined,Negatif,Positif
169,some highlights  great quality nigiri here,Positif,Positif
170,when my order arrived one of the gyros was missing,Negatif,Positif
171,the staff is friendly and the joint is always clean,Positif,Positif
172,im not really sure how joeys was voted best hot dog in the valley by readers of phoenix magazine,Negatif,Positif
173,this was a different cut than the piece the other day but still wonderful and tender s well as well flavored,Positif,Positif
174,the live music on fridays totally blows,Negatif,Positif
175,i ordered the voodoo pasta and it was the first time id had really excellent pasta since going gluten free several years ago,Positif,Positif
176,ive never been more insulted or felt disrespected,Negatif,Positif
177,this place is good,Positif,Positif
178,the warm beer didnt help,Negatif,Positif
179,i was seated immediately,Positif,Positif
180,ive lived here since 1979 and this was the first and last time ive stepped foot into this place,Negatif,Positif
181,their menu is diverse and reasonably priced,Positif,Positif
182,the worst experience ever,Negatif,Positif
183,restaurant is always full but never a wait,Positif,Positif
184,must have been an off night at this place,Negatif,Positif
185,delicious,Positif,Positif
186,if that bug never showed up i would have given a 4 for sure but on the other side of the wall where this bug was climbing was the kitchen,Negatif,Positif
187,this place is handsdown one of the best places to eat in the phoenix metro area,Positif,Positif
188,for about 10 minutes we were waiting for her salad when we realized that it wasnt coming any time soon,Negatif,Positif
189,bacon is hella salty,Positif,Positif
190,wont go back,Negatif,Positif
191,this really is how vegas fine dining used to be right down to the menus handed to the ladies that have no prices listed,Positif,Positif
192,soggy and not good,Negatif,Positif
193,the waitresses are very friendly,Positif,Positif
194,which are small and not worth the price,Negatif,Positif
195,lordy the khao soi is a dish that is not to be missed for curry lovers,Positif,Positif
196,the shower area is outside so you can only rinse,Negatif,Positif
197,everything on the menu is terrific and we were also thrilled that they made amazing accommodations for our vegetarian daughter,Positif,Positif
198,the service was a bit lacking,Negatif,Positif
199,the atmosphere is modern and hip while maintaining a touch of coziness,Positif,Positif
200,lobster bisque bussell sprouts risotto filet all needed salt and pepperand of course there is none at the tables,Negatif,Positif
201,not a weekly haunt but definitely a place to come back to every once in a while,Positif,Negatif
202,hopefully this bodes for them going out of business and someone who can cook can come in,Negatif,Negatif
203,love this place hits the spot when i want something healthy but not lacking in quantity or flavor,Positif,Negatif
204,it was either too cold not enough flavor or just bad,Negatif,Negatif
205,i ordered the lemon raspberry ice cocktail which was also incredible,Positif,Negatif
206,as for the mains also uninspired,Negatif,Negatif
207,interesting decor,Positif,Negatif
208,if the food isnt bad enough for you then enjoy dealing with the worlds worstannoying drunk people,Negatif,Negatif
209,what i really like there is the crepe station,Positif,Negatif
210,ordered a double cheeseburger  got a single patty that was falling apart picture uploaded yeah still sucks,Negatif,Negatif
211,also were served hot bread and butter and home made potato chips with bacon bits on topvery original and very good,Positif,Negatif
212,if it were possible to give them zero stars theyd have it,Negatif,Negatif
213,you can watch them preparing the delicious food,Positif,Negatif
214,the descriptions said yum yum sauce and another said eel sauce yet another said spicy mayowell none of the rolls had sauces on them,Negatif,Negatif
215,both of the egg rolls were fantastic,Positif,Negatif
216,if she had not rolled the eyes we may have stayed not sure if we will go back and try it again,Negatif,Negatif
217,i had a salad with the wings and some ice cream for dessert and left feeling quite satisfied,Positif,Negatif
218,horrible  dont waste your time and money,Negatif,Negatif
219,the best place to go for a tasty bowl of pho,Positif,Negatif
220,by this time our side of the restaurant was almost empty so there was no excuse,Negatif,Negatif
221,very friendly staff,Positif,Negatif
222,it wasnt busy either also the building was freezing cold,Negatif,Negatif
223,it is worth the drive,Positif,Negatif
224,like the other reviewer said you couldnt pay me to eat at this place again,Negatif,Negatif
225,i had heard good things about this place but it exceeding every hope i could have dreamed of,Positif,Negatif
226,drinks took close to 30 minutes to come out at one point,Negatif,Negatif
227,food was great and so was the serivce,Positif,Negatif
228,based on the subpar service i received and no effort to show their gratitude for my business i wont be going back,Negatif,Negatif
229,great brunch spot,Positif,Negatif
230,there is nothing privileged about workingeating there,Negatif,Negatif
231,service is friendly and inviting,Positif,Negatif
232,overall i dont think that i would take my parents to this place again because they made most of the similar complaints that i silently felt too,Negatif,Negatif
233,very good lunch spot,Positif,Negatif
234,i as well wouldve given godfathers zero stars if possible,Negatif,Negatif
235,the sides are delish  mixed mushrooms yukon gold puree white corn  beateous,Positif,Negatif
236,very tough and very short on flavor,Negatif,Negatif
237,my friend loved the salmon tartar,Positif,Negatif
238,i have been in more than a few bars in vegas and do not ever recall being charged for tap water,Negatif,Negatif
239,extremely tasty,Positif,Negatif
240,the service was not up to par either,Negatif,Negatif
241,waitress was good though,Positif,Negatif
242,for a self proclaimed coffee cafe i was wildly disappointed,Negatif,Negatif
243,the jamaican mojitos are delicious,Positif,Negatif
244,ive had better not only from dedicated boba tea spots but even from jenni pho,Negatif,Negatif
245, the food is rich so order accordingly,Positif,Negatif
246,i think not again,Negatif,Negatif
247,i loved the bacon wrapped dates,Positif,Negatif
248,i had the mac salad and it was pretty bland so i will not be getting that again,Negatif,Negatif
249,this is an unbelievable bargain,Positif,Negatif
250,service stinks here,Negatif,Negatif
251,the folks at otto always make us feel so welcome and special,Positif,Negatif
252,i waited and waited,Negatif,Negatif
253,this is the place where i first had pho and it was amazing,Positif,Negatif
254,this place is not quality sushithis place is not quality sushi it is not a quality restaurant,Negatif,Negatif
255,this wonderful experience made this place a muststop whenever we are in town again,Positif,Negatif
256,things that went wrong  they burned the saganaki,Negatif,Negatif
257,very very fun chef,Positif,Negatif
258,we waited an hour for what was a breakfast i could have done 100 times better at home,Negatif,Negatif
259,great place to have a couple drinks and watch any and all sporting events as the walls are covered with tvs,Positif,Negatif
260,i hate to disagree with my fellow yelpers but my husband and i were so disappointed with this place,Negatif,Negatif
261,id say that would be the hardest decision honestly all of ms dishes taste how they are supposed to taste amazing,Positif,Negatif
262,waited 2 hours  never got either of our pizzas as many other around us who came in later did,Negatif,Negatif
263,everyone is very attentive providing excellent customer service,Positif,Negatif
264,just dont know why they were so slow,Negatif,Negatif
265,now this dish was quite flavourful,Positif,Negatif
266,i live in the neighborhood so i am disappointed i wont be back here because it is a convenient location,Negatif,Negatif
267,seriously flavorful delights folks,Positif,Negatif
268,before i go in to why i gave a 1 star rating please know that this was my third time eating at bachi burger before writing a review,Negatif,Negatif
269,much better than the other ayce sushi place i went to in vegas,Positif,Negatif
270,never again will i be dining at this place,Negatif,Negatif
271,the lighting is just dark enough to set the mood,Positif,Negatif
272,please stay away from the shrimp stir fried noodles,Negatif,Negatif
273,owners are really great people,Positif,Negatif
274,the potato chip order was sad i could probably count how many chips were in that box and it was probably around 12,Negatif,Negatif
275,the greek dressing was very creamy and flavorful,Positif,Negatif
276,food was really boring,Negatif,Negatif
277,now the pizza itself was good the peanut sauce was very tasty,Positif,Negatif
278,this greedy corporation will never see another dime from me,Negatif,Negatif
279,we had 7 at our table and the service was pretty fast,Positif,Negatif
280,will never ever go back,Negatif,Negatif
281,fantastic service here,Positif,Negatif
282,as much as id like to go back i cant get passed the atrocious service and will never return,Negatif,Negatif
283,they know how to make them here,Positif,Negatif
284,she ordered a toasted english muffin that came out untoasted,Negatif,Negatif
285,i hope this place sticks around,Positif,Negatif
286,never going back,Negatif,Negatif
287,the restaurant atmosphere was exquisite,Positif,Negatif
288,the bus boy on the other hand was so rude,Negatif,Negatif
289,good service very clean and inexpensive to boot,Positif,Negatif
290,by this point my friends and i had basically figured out this place was a joke and didnt mind making it publicly and loudly known,Negatif,Negatif
291,the seafood was fresh and generous in portion,Positif,Negatif
292,the only downside is the service,Negatif,Negatif
293,plus its only 8 bucks,Positif,Negatif
294,also the fries are without a doubt the worst fries ive ever had,Negatif,Negatif
295,thus far have only visited twice and the food was absolutely delicious each time,Positif,Negatif
296,i go to far too many places and ive never seen any restaurant that serves a 1 egg breakfast especially for 400,Negatif,Negatif
297,just as good as when i had it more than a year ago,Positif,Negatif
298,when my mom and i got home she immediately got sick and she only had a few bites of salad,Negatif,Negatif
299,the veggitarian platter is out of this world,Positif,Negatif
300,the servers are not pleasant to deal with and they dont always honor pizza hut coupons,Negatif,Negatif
301,you cant go wrong with any of the food here,Positif,Positif
302,everything was gross,Negatif,Positif
303,you cant beat that,Positif,Positif
304,first  the bathrooms at this location were dirty seat covers were not replenished  just plain yucky,Negatif,Positif
305,stopped by this place while in madison for the ironman very friendly kind staff,Positif,Positif
306,the burger i got the gold standard a 17 burger and was kind of disappointed,Negatif,Positif
307,the chefs were friendly and did a good job,Positif,Positif
308,there is nothing authentic about this place,Negatif,Positif
309,i liked the patio and the service was outstanding,Positif,Positif
310,the spaghetti is nothing special whatsoever,Negatif,Positif
311,the goat taco didnt skimp on the meat and wow what flavor,Positif,Positif
312,the selection was probably the worst ive seen in vegasthere was none,Negatif,Positif
313,i went to bachi burger on a friends recommendation and was not disappointed,Positif,Positif
314,we sat another ten minutes and finally gave up and left,Negatif,Positif
315,i would definitely recommend the wings as well as the pizza,Positif,Positif
316,he was terrible,Negatif,Positif
317,great pizza and salads,Positif,Positif
318,it shouldnt take 30 min for pancakes and eggs,Negatif,Positif
319,this place is amazing,Positif,Positif
320,sadly gordon ramseys steak is a place we shall sharply avoid during our next trip to vegas,Negatif,Positif
321,the staff is great the food is delish and they have an incredible beer selection,Positif,Positif
322,the buffet is small and all the food they offered was bland,Negatif,Positif
323,i didnt know pulled pork could be soooo delicious,Positif,Positif
324,definitely a turn off for me  i doubt ill be back unless someone else is buying,Negatif,Positif
325,you get incredibly fresh fish prepared with care,Positif,Positif
326,i find wasting food to be despicable but this just wasnt food,Negatif,Positif
327,i love the fact that everything on their menu is worth it,Positif,Positif
328,my wife had the lobster bisque soup which was lukewarm,Negatif,Positif
329,the food was excellent and service was very good,Positif,Positif
330,i left with a stomach ache and felt sick the rest of the day,Negatif,Positif
331,good beer  drink selection and good food selection,Positif,Positif
332,they dropped more than the ball,Negatif,Positif
333,good servicecheck,Positif,Positif
334,and the beans and rice were mediocre at best,Negatif,Positif
335,in the summer you can dine in a charming outdoor patio  so very delightful,Positif,Positif
336,i took back my money and got outta there,Negatif,Positif
337,i did not expect this to be so good,Positif,Positif
338,rude  inconsiderate management,Negatif,Positif
339,fantastic food,Positif,Positif
340,the staff are now not as friendly the wait times for being served are horrible no one even says hi for the first 10 minutes,Negatif,Positif
341,the food was very good,Positif,Positif
342,i wont be back,Negatif,Positif
343,great food for the price which is very high quality and house made,Positif,Positif
344,the food was terrible,Negatif,Positif
345,back to good bbq lighter fare reasonable pricing and tell the public they are back to the old ways,Positif,Positif
346,will never ever go back and have told many people what had happened,Negatif,Positif
347,and considering the two of us left there very full and happy for about 20 you just cant go wrong,Positif,Positif
348,i dont recommend unless your car breaks down in front of it and you are starving,Negatif,Positif
349,all the bread is made inhouse,Positif,Positif
350,this place deserves one star and 90 has to do with the food,Negatif,Positif
351,service was exceptional and food was a good as all the reviews,Positif,Positif
352,this is a disgrace,Negatif,Positif
353,a couple of months later i returned and had an amazing meal,Positif,Positif
354,im probably one of the few people to ever go to ians and not like it,Negatif,Positif
355,favorite place in town for shawarrrrrrma,Positif,Positif
356,this one is simply a disappointment,Negatif,Positif
357,the black eyed peas and sweet potatoes unreal,Positif,Positif
358,overall i was very disappointed with the quality of food at bouchon,Negatif,Positif
359,you wont be disappointed,Positif,Positif
360,i dont have to be an accountant to know im getting screwed,Negatif,Positif
361,they could serve it with just the vinaigrette and it may make for a better overall dish but it was still very good,Positif,Positif
362,left very frustrated,Negatif,Positif
363,both of them were truly unbelievably good and i am so glad we went back,Positif,Positif
364,total waste of time,Negatif,Positif
365,we had fantastic service and were pleased by the atmosphere,Positif,Positif
366,for service i give them no stars,Negatif,Positif
367,i love this place,Positif,Positif
368,i can take a little bad service but the food sucks,Negatif,Positif
369,great service and food,Positif,Positif
370,gave up trying to eat any of the crust teeth still sore,Negatif,Positif
371,omg the food was delicioso,Positif,Positif
372,but now i was completely grossed out,Negatif,Positif
373,of all the dishes the salmon was the best but all were great,Positif,Positif
374,on the ground right next to our table was a large smeared beensteppedinandtrackedeverywhere pile of green bird poop,Negatif,Positif
375,the vegetables are so fresh and the sauce feels like authentic thai,Positif,Positif
376,furthermore you cant even find hours of operation on the website,Negatif,Positif
377,its worth driving up from tucson,Positif,Positif
378,weve tried to like this place but after 10 times i think were done with them,Negatif,Positif
379,pretty good beer selection too,Positif,Positif
380,what a mistake that was,Negatif,Positif
381,this place is like chipotle but better,Positif,Positif
382,waiter was a jerk,Negatif,Positif
383,classywarm atmosphere fun and fresh appetizers succulent steaks baseball steak,Positif,Positif
384,strike 2 who wants to be rushed,Negatif,Positif
385,5 stars for the brick oven bread app,Positif,Positif
386,i never come again,Negatif,Positif
387,i have eaten here multiple times and each time the food was delicious,Positif,Positif
388,ordered an appetizer and took 40 minutes and then the pizza another 10 minutes,Negatif,Positif
389,everyone is treated equally special,Positif,Positif
390,it was a huge awkward 15lb piece of cow that was 34ths gristle and fat,Negatif,Positif
391,it was delicious,Positif,Positif
392,ill take my business dinner dollars elsewhere,Negatif,Positif
393,on the good side the staff was genuinely pleasant and enthusiastic  a real treat,Positif,Positif
394,nothing special,Negatif,Positif
395,as always the evening was wonderful and the food delicious,Positif,Positif
396,will not be back,Negatif,Positif
397,best fish ive ever had in my life,Positif,Positif
398,sauce was tasteless,Negatif,Positif
399,the bathroom is just next door and very nice,Positif,Positif
400,i dont think well be going back anytime soon,Negatif,Positif
401,this is an outstanding little restaurant with some of the best food i have ever tasted,Positif,Positif
402,i am far from a sushi connoisseur but i can definitely tell the difference between good food and bad food and this was certainly bad food,Negatif,Positif
403,pretty cool i would say,Positif,Positif
404,i was so insulted,Negatif,Positif
405,server did a great job handling our large rowdy table,Positif,Positif
406,the last 3 times i had lunch here has been bad,Negatif,Positif
407,would come back again if i had a sushi craving while in vegas,Positif,Positif
408,the chicken wings contained the driest chicken meat i have ever eaten,Negatif,Positif
409,the staff are great the ambiance is great,Positif,Positif
410,definitely not worth the 3 i paid,Negatif,Positif
411,he deserves 5 stars,Positif,Positif
412,the manager was the worst,Negatif,Positif
413,the dining space is tiny but elegantly decorated and comfortable,Positif,Positif
414,i dont think ill be running back to carlys anytime soon for food,Negatif,Positif
415,they will customize your order any way youd like my usual is eggplant with green bean stir fry love it,Positif,Positif
416,this is was due to the fact that it took 20 minutes to be acknowledged then another 35 minutes to get our foodand they kept forgetting things,Negatif,Positif
417,best tacos in town by far,Positif,Positif
418,the one down note is the ventilation could use some upgrading,Negatif,Positif
419,in an interesting part of town this place is amazing,Positif,Positif
420,dont waste your time here,Negatif,Positif
421,they have great dinners,Positif,Positif
422,total letdown i would much rather just go to the camelback flower shop and cartel coffee,Negatif,Positif
423,the service was outshining  i definitely recommend the halibut,Positif,Positif
424,third the cheese on my friends burger was cold,Negatif,Positif
425,i will come back here every time im in vegas,Positif,Positif
426,we asked for the bill to leave without eating and they didnt bring that either,Negatif,Positif
427,def coming back to bowl next time,Positif,Positif
428,seafood was limited to boiled shrimp and crab legs but the crab legs definitely did not taste fresh,Negatif,Positif
429,if you want healthy authentic or ethic food try this place,Positif,Positif
430,the selection of food was not the best,Negatif,Positif
431,i will continue to come here on ladies night andddd date night  highly recommend this place to anyone who is in the area ,Positif,Positif
432,i dont think i will be back for a very long time,Negatif,Positif
433,i have been here several times in the past and the experience has always been great,Positif,Positif
434,it was attached to a gas station and that is rarely a good sign,Negatif,Positif
435,we walked away stuffed and happy about our first vegas buffet experience,Positif,Positif
436,worse of all he humiliated his worker right in front of mebunch of horrible name callings,Negatif,Positif
437,service was excellent and prices are pretty reasonable considering this is vegas and located inside the crystals shopping mall by aria,Positif,Positif
438,and then tragedy struck,Negatif,Positif
439,to summarize the food was incredible nay transcendant but nothing brings me joy quite like the memory of the pneumatic condiment dispenser,Positif,Positif
440,id rather eat airline food seriously,Negatif,Positif
441,kids pizza is always a hit too with lots of great side dish options for the kiddos,Positif,Positif
442,i would not recommend this place,Negatif,Positif
443,service is perfect and the family atmosphere is nice to see,Positif,Positif
444,overall i wasnt very impressed with noca,Negatif,Positif
445,cooked to perfection and the service was impeccable,Positif,Positif
446,my gyro was basically lettuce only,Negatif,Positif
447,great place to eat reminds me of the little mom and pop shops in the san francisco bay area,Positif,Positif
448,terrible service,Negatif,Positif
449,today was my first taste of a buldogis gourmet hot dog and i have to tell you it was more than i ever thought possible,Positif,Positif
450,thoroughly disappointed,Negatif,Positif
451,ill definitely be in soon again,Positif,Positif
452,it was a drive to get there,Negatif,Positif
453,food was really good and i got full petty fast,Positif,Positif
454,anyway i do not think i will go back there,Negatif,Positif
455,service was fantastic,Positif,Positif
456,a greasy unhealthy meal,Negatif,Positif
457,i dont know what kind it is but they have the best iced tea,Positif,Positif
458,first time there and might just be the last,Negatif,Positif
459,come hungry  leave happy and stuffed,Positif,Positif
460,similarly the delivery man did not say a word of apology when our food was 45 minutes late,Negatif,Positif
461,i can assure you that you wont be disappointed,Positif,Positif
462,and it was way to expensive,Negatif,Positif
463,i really enjoyed eating here,Positif,Positif
464,terrible management,Negatif,Positif
465,first time going but i think i will quickly become a regular,Positif,Positif
466,if there were zero stars i would give it zero stars,Negatif,Positif
467,our server was very nice  and even though he looked a little overwhelmed with all of our needs  he stayed professional and friendly until the end,Positif,Positif
468,worst martini ever,Negatif,Positif
469,from what my dinner companions told meeverything was very fresh with nice texture and taste,Positif,Positif
470,we waited for thirty minutes to be seated although there were 8 vacant tables and we were the only folks waiting,Negatif,Positif
471,no complaints,Positif,Positif
472,i wont try going back there even if its empty,Negatif,Positif
473,this is some seriously good pizza and im an expertconnisseur on the topic,Positif,Positif
474,no im going to eat the potato that i found some strangers hair in it,Negatif,Positif
475,these are the nicest restaurant owners ive ever come across,Positif,Positif
476,not even a hello we will be right with you,Negatif,Positif
477,we loved the biscuits,Positif,Positif
478,the desserts were a bit strange,Negatif,Positif
479,service is quick and friendly,Positif,Positif
480,i guess maybe we went on an off night but it was disgraceful,Negatif,Positif
481,so absolutley fantastic,Positif,Positif
482,however my recent experience at this particular location was not so good,Negatif,Positif
483,definitely will come back here again,Positif,Positif
484,i know this is not like the other restaurants at all something is very off here,Negatif,Positif
485,i like steiners because its dark and it feels like a bar,Positif,Positif
486,avoid this establishment,Negatif,Positif
487,wow very spicy but delicious,Positif,Positif
488,i think this restaurant suffers from not trying hard enough,Negatif,Positif
489,if youre not familiar check it out,Positif,Positif
490,my salad had a bland vinegrette on the baby greens and hearts of palm,Negatif,Positif
491,id love to go back,Positif,Positif
492,after two i felt disgusting,Negatif,Positif
493,anyway this fs restaurant has a wonderful breakfastlunch,Positif,Positif
494,i will never go back to this place and will never ever recommended this place to anyone,Negatif,Positif
495,each day of the week they have a different deal and its all so delicious,Positif,Positif
496,the servers went back and forth several times not even so much as an are you being helped,Negatif,Positif
497,not to mention the combination of pears almonds and bacon is a big winner,Positif,Positif
498,an hour seriously,Negatif,Positif
499,the food is delicious and just spicy enough so be sure to ask for spicier if you prefer it that way,Positif,Positif
500,i consider this theft,Negatif,Positif
501,my ribeye steak was cooked perfectly and had great mesquite flavor,Positif,Positif
502,eew this location needs a complete overhaul,Negatif,Positif
503,food was so gooodd,Positif,Positif
504,we recently witnessed her poor quality of management towards other guests as well,Negatif,Positif
505,the food was very good and i enjoyed every mouthful an enjoyable relaxed venue for couples small family groups etc,Positif,Positif
506,waited and waited and waited,Negatif,Positif
507,nargile  i think you are great,Positif,Positif
508,the pizza tasted old super chewy in not a good way,Negatif,Positif
509,best tater tots in the southwest,Positif,Positif
510,i swung in to give them a try but was deeply disappointed,Negatif,Positif
511,we loved the place,Positif,Positif
512,boy was that sucker dry,Negatif,Positif
513,the vanilla ice cream was creamy and smooth while the profiterole choux pastry was fresh enough,Positif,Positif
514,over rated,Negatif,Positif
515,im in az all the time and now have my new spot,Positif,Positif
516,if you look for authentic thai food go else where,Negatif,Positif
517,the inside is really quite nice and very clean,Positif,Positif
518,after i pulled up my car i waited for another 15 minutes before being acknowledged,Negatif,Positif
519,the food was outstanding and the prices were very reasonable,Positif,Positif
520,i hate those things as much as cheap quality black olives,Negatif,Positif
521,love the margaritas too,Positif,Positif
522,the kids play area is nasty,Negatif,Positif
523,this was my first and only vegas buffet and it did not disappoint,Positif,Positif
524,it was extremely crumby and pretty tasteless,Negatif,Positif
525,very good though,Positif,Positif
526,it was a pale color instead of nice and char and has no flavor,Negatif,Positif
527,great pork sandwich,Positif,Positif
528,i got home to see the driest damn wings ever,Negatif,Positif
529,we enjoy their pizza and brunch,Positif,Positif
530,not good for the money,Negatif,Positif
531,the steaks are all well trimmed and also perfectly cooked,Positif,Positif
532,we got sitting fairly fast but ended up waiting 40 minutes just to place our order another 30 minutes before the food arrived,Negatif,Positif
533,we had a group of 70 when we claimed we would only have 40 and they handled us beautifully,Positif,Positif
534,i just wanted to leave,Negatif,Positif
535,i loved it,Positif,Positif
536,i will not be eating there again,Negatif,Positif
537,this place is a jewel in las vegas and exactly what ive been hoping to find in nearly ten years living here,Positif,Positif
538,the owners really really need to quit being soooooo cheap let them wrap my freaking sandwich in two papers not one,Negatif,Positif
539,delicious and i will absolutely be back,Positif,Positif
540,i checked out this place a couple years ago and was not impressed,Negatif,Positif
541,this isnt a small family restaurant this is a fine dining establishment,Positif,Positif
542,the chicken i got was definitely reheated and was only ok the wedges were cold and soggy,Negatif,Positif
543,they had a toro tartare with a cavier that was extraordinary and i liked the thinly sliced wagyu with white truffle,Positif,Positif
544,sorry i will not be getting food from here anytime soon ,Negatif,Positif
545,how awesome is that,Positif,Positif
546,my friend did not like his bloody mary,Negatif,Positif
547,i will be back many times soon,Positif,Positif
548,despite how hard i rate businesses its actually rare for me to give a 1 star,Negatif,Positif
549,the menu had so much good stuff on it i could not decide,Positif,Positif
550,i will not return,Negatif,Positif
551,conclusion very filling meals,Positif,Positif
552,i had the chicken pho and it tasted very bland,Negatif,Positif
553,their daily specials are always a hit with my group,Positif,Positif
554,very disappointing,Negatif,Positif
555,the pancake was also really good and pretty large at that,Positif,Positif
556,a drive thru means you do not want to wait around for half an hour for your food but somehow when we end up going here they make us wait and wait,Negatif,Positif
557,this was my first crawfish experience and it was delicious,Positif,Positif
558,best of luck to the rude and noncustomer service focused new management,Negatif,Positif
559,their monster chicken fried steak and eggs is my all time favorite,Positif,Positif
560,any grandmother can make a roasted chicken better than this one,Negatif,Positif
561,waitress was sweet and funny,Positif,Positif
562,i asked multiple times for the wine list and after some time of being ignored i went to the hostess and got one myself,Negatif,Positif
563,i also had to taste my moms multigrain pumpkin pancakes with pecan butter and they were amazing fluffy and delicious,Positif,Positif
564,same evening him and i are both drastically sick,Negatif,Positif
565,cant say enough good things about this place,Positif,Positif
566,ordered burger rare came in well done,Negatif,Positif
567,the ambiance was incredible,Positif,Positif
568,tried to go here for lunch and it was a madhouse,Negatif,Positif
569,the waitress and manager are so friendly,Positif,Positif
570,after waiting an hour and being seated i was not in the greatest of moods,Negatif,Positif
571,i dont each much pasta but i love the homemade hand made pastas and thin pizzas here,Positif,Positif
572,im not eating here,Negatif,Positif
573,give it a try you will be happy you did,Positif,Positif
574,maybe if they werent cold they would have been somewhat edible,Negatif,Positif
575,by far the best cheesecurds we have ever had,Positif,Positif
576,this place has a lot of promise but fails to deliver,Negatif,Positif
577,reasonably priced also,Positif,Positif
578,very bad experience,Negatif,Positif
579,everything was perfect the night we were in,Positif,Positif
580,what a mistake,Negatif,Positif
581,the food is very good for your typical bar food,Positif,Positif
582,food was average at best,Negatif,Positif
583,at first glance it is a lovely bakery cafe  nice ambiance  clean friendly staff,Positif,Positif
584,we wont be going back anytime soon,Negatif,Positif
585,point your finger at any item on the menu order it and you wont be disappointed,Positif,Positif
586,very very disappointed ordered the 35 big bay plater,Negatif,Positif
587,oh this is such a thing of beauty this restaurant,Positif,Positif
588,not much flavor to them and very poorly constructed,Negatif,Positif
589,if you havent gone here go now,Positif,Positif
590,the fried rice was dry as well,Negatif,Positif
591,those burgers were amazing,Positif,Positif
592,google mediocre and i imagine smashburger will pop up,Negatif,Positif
593,be sure to order dessert even if you need to pack it togo  the tiramisu and cannoli are both to die for,Positif,Positif
594,dont go here,Negatif,Positif
595,this was my first time and i cant wait until the next,Positif,Positif
596,as a sushi lover avoid this place by all means,Negatif,Positif
597,the bartender was also nice,Positif,Positif
598,the plantains were the worst ive ever tasted,Negatif,Positif
599,everything was good and tasty,Positif,Positif
600,service was slow and not attentive,Negatif,Positif
601,this place is two thumbs upway up,Positif,Positif
602,your staff spends more time talking to themselves than me,Negatif,Positif
603,the best place in vegas for breakfast just check out a sat or sun,Positif,Positif
604,total brunch fail,Negatif,Positif
605,if you love authentic mexican food and want a whole bunch of interesting yet delicious meats to choose from you need to try this place,Positif,Positif
606,i probably wont be back to be honest,Negatif,Positif
607,an excellent new restaurant by an experienced frenchman,Positif,Positif
608,went for lunch  service was slow,Negatif,Positif
609,great steak great sides great wine amazing desserts,Positif,Positif
610,we had so much to say about the place before we walked in that he expected it to be amazing but was quickly disappointed,Negatif,Positif
611,the steak and the shrimp are in my opinion the best entrees at gc,Positif,Positif
612,i was mortified,Negatif,Positif
613,i had the opportunity today to sample your amazing pizzas,Positif,Positif
614,needless to say we will never be back here again,Negatif,Positif
615,the yellowtail carpaccio was melt in your mouth fresh,Positif,Positif
616,anyways the food was definitely not filling at all and for the price you pay you should expect more,Negatif,Positif
617,just spicy enough perfect actually,Positif,Positif
618,the chips that came out were dripping with grease and mostly not edible,Negatif,Positif
619,last night was my second time dining here and i was so happy i decided to go back,Positif,Positif
620,i wasnt really impressed with strip steak,Negatif,Positif
621,my boyfriend and i came here for the first time on a recent trip to vegas and could not have been more pleased with the quality of food and service,Positif,Positif
622,i work in the hospitality industry in paradise valley and have refrained from recommending cibo any longer,Negatif,Positif
623,i really do recommend this place you can go wrong with this donut place,Positif,Positif
624,would not recommend to others,Negatif,Positif
625,nice ambiance,Positif,Positif
626,i mean really how do you get so famous for your fish and chips when its so terrible,Negatif,Positif
627,i would recommend saving room for this,Positif,Positif
628,not my thing,Negatif,Positif
629,all of the tapas dishes were delicious,Positif,Positif
630,if you are reading this please dont go there,Negatif,Positif
631,i heart this place,Positif,Positif
632,tonight i had the elk filet specialand it sucked,Negatif,Positif
633,a good time,Positif,Positif
634,we ordered some old classics and some new dishes after going there a few times and were sorely disappointed with everything,Negatif,Positif
635,i believe that this place is a great stop for those with a huge belly and hankering for sushi,Positif,Positif
636,a fly was in my apple juice a fly,Negatif,Positif
637,generous portions and great taste,Positif,Positif
638,the food was barely lukewarm so it must have been sitting waiting for the server to bring it out to us,Negatif,Positif
639,food was delicious,Positif,Positif
640,ryans bar is definitely one edinburgh establishment i wont be revisiting,Negatif,Positif
641,he also came back to check on us regularly excellent service,Positif,Positif
642,probably never coming back and wouldnt recommend it,Negatif,Positif
643,our server was super nice and checked on us many times,Positif,Positif
644,friends pasta  also bad he barely touched it,Negatif,Positif
645,service was good and the company was better,Positif,Positif
646,it was way over fried,Negatif,Positif
647,the staff are also very friendly and efficient,Positif,Positif
648,im not sure how long we stood there but it was long enough for me to begin to feel awkwardly out of place,Negatif,Positif
649,as for the service im a fan because its quick and youre being served by some nice folks,Positif,Positif
650,when i opened the sandwich i was impressed but not in a good way,Negatif,Positif
651,their steaks are 100 recommended,Positif,Positif
652,will not be back,Negatif,Positif
653,great food and great service in a clean and friendly setting,Positif,Positif
654,i have watched their prices inflate portions get smaller and management attitudes grow rapidly,Negatif,Positif
655,all in all i can assure you ill be back,Positif,Positif
656,main thing i didnt enjoy is that the crowd is of older crowd around mid 30s and up,Negatif,Positif
657,my breakfast was perpared great with a beautiful presentation of 3 giant slices of toast lightly dusted with powdered sugar,Positif,Positif
658,i had to wait over 30 minutes to get my drink and longer to get 2 arepas,Negatif,Positif
659,great place fo take out or eat in,Positif,Positif
660,the service was poor and thats being nice,Negatif,Positif
661,the waitress was friendly and happy to accomodate for veganveggie options,Positif,Positif
662,the place was not clean and the food oh so stale,Negatif,Positif
663,omg i felt like i had never eaten thai food until this dish,Positif,Positif
664,the chicken dishes are ok the beef is like shoe leather,Negatif,Positif
665,the croutons also taste homemade which is an extra plus,Positif,Positif
666,but the service was beyond bad,Negatif,Positif
667,itll be a regular stop on my trips to phoenix,Positif,Positif
668,tasted like dirt,Negatif,Positif
669,i really enjoyed crema cafã© before they expanded i even told friends they had the best breakfast,Positif,Positif
670,my sashimi was poor quality being soggy and tasteless,Negatif,Positif
671,i miss it and wish they had one in philadelphia,Positif,Positif
672,the food is not tasty at all not to say its real traditional hunan style,Negatif,Positif
673,they also have the best cheese crisp in town,Positif,Positif
674,what did bother me was the slow service,Negatif,Positif
675,good value great food great service,Positif,Positif
676,their frozen margaritas are way too sugary for my taste,Negatif,Positif
677,couldnt ask for a more satisfying meal,Positif,Positif
678,so in a nutshell 1 the restaraunt smells like a combination of a dirty fish market and a sewer,Negatif,Positif
679,the food is good,Positif,Positif
680,my girlfriends veal was very bad,Negatif,Positif
681,it was awesome,Positif,Positif
682,unfortunately it was not good,Negatif,Positif
683,we made the drive all the way from north scottsdale and i was not one bit disappointed,Positif,Positif
684,bland and flavorless is a good way of describing the barely tepid meat,Negatif,Positif
685,an absolute must visit,Positif,Positif
686,the chains which im no fan of beat this place easily,Negatif,Positif
687,the cow tongue and cheek tacos are amazing,Positif,Positif
688,we will not be coming back,Negatif,Positif
689,they really want to make your experience a good one,Positif,Positif
690,once your food arrives its meh,Negatif,Positif
691,the grilled chicken was so tender and yellow from the saffron seasoning,Positif,Positif
692,paying 785 for a hot dog and fries that looks like it came out of a kids meal at the wienerschnitzel is not my idea of a good meal,Negatif,Positif
693,pretty awesome place,Positif,Positif
694,my brother in law who works at the mall ate here same day and guess what he was sick all night too,Negatif,Positif
695,ambience is perfect,Positif,Positif
696,mediocre food,Negatif,Positif
697,the staff is always super friendly and helpful which is especially cool when you bring two small boys and a baby,Positif,Positif
698,im super pissd,Negatif,Positif
699,four stars for the food  the guy in the blue shirt for his great vibe  still letting us in to eat ,Positif,Positif
700,why are these sad little vegetables so overcooked,Negatif,Positif
701,the roast beef sandwich tasted really good,Positif,Negatif
702,i had high hopes for this place since the burgers are cooked over a charcoal grill but unfortunately the taste fell flat way flat,Negatif,Negatif
703,highquality chicken on the chicken caesar salad,Positif,Negatif
704,not a single employee came out to see if we were ok or even needed a water refill once they finally served us our food,Negatif,Negatif
705,we were promptly greeted and seated,Positif,Negatif
706,the server was very negligent of our needs and made us feel very unwelcome i would not suggest this place,Negatif,Negatif
707,i was proven dead wrong by this sushi bar not only because the quality is great but the service is fast and the food impeccable,Positif,Negatif
708,the service was terrible though,Negatif,Negatif
709,this is a good joint,Positif,Negatif
710,this place is overpriced not consistent with their boba and it really is overpriced,Negatif,Negatif
711,the macarons here are insanely good,Positif,Negatif
712,it was packed,Negatif,Negatif
713,our waiter was very attentive friendly and informative,Positif,Negatif
714,the food was terrible,Negatif,Negatif
715,great food,Positif,Negatif
716,it kept getting worse and worse so now im officially done,Negatif,Negatif
717,great place to relax and have an awesome burger and beer,Positif,Negatif
718,this place should honestly be blown up,Negatif,Negatif
719,it is perfect for a sitdown family meal or get together with a few friends,Positif,Negatif
720,but i definitely would not eat here again,Negatif,Negatif
721,the patio seating was very comfortable,Positif,Negatif
722,do not waste your money here,Negatif,Negatif
723,hands down my favorite italian restaurant,Positif,Negatif
724,awful service,Negatif,Negatif
725,that just screams legit in my booksomethats also pretty rare here in vegas,Positif,Negatif
726,wont ever go here again,Negatif,Negatif
727,it was just not a fun experience,Positif,Negatif
728,food quality has been horrible,Negatif,Negatif
729,the atmosphere was great with a lovely duo of violinists playing songs we requested,Positif,Negatif
730,for that price i can think of a few place i would have much rather gone,Negatif,Negatif
731,i personally love the hummus pita baklava falafels and baba ganoush its amazing what they do with eggplant,Positif,Negatif
732,the service here is fair at best,Negatif,Negatif
733,very convenient since we were staying at the mgm,Positif,Negatif
734,i do love sushi but i found kabuki to be overpriced overhip and underservices,Negatif,Negatif
735,the owners are super friendly and the staff is courteous,Positif,Negatif
736,do yourself a favor and stay away from this dish,Negatif,Negatif
737,both great,Positif,Negatif
738,very poor service,Negatif,Negatif
739,eclectic selection,Positif,Negatif
740,no one at the table thought the food was above average or worth the wait that we had for it,Negatif,Negatif
741,the sweet potato tots were good but the onion rings were perfection or as close as i have had,Positif,Negatif
742,i paid the bill but did not tip because i felt the server did a terrible job,Negatif,Negatif
743,the staff was very attentive,Positif,Negatif
744,i have never had such bland food which surprised me considering the article we read focused so much on their spices and flavor,Negatif,Negatif
745,and the chef was generous with his time even came around twice so we can take pictures with him,Positif,Negatif
746,food is way overpriced and portions are fucking small,Negatif,Negatif
747,the owner used to work at nobu so this place is really similar for half the price,Positif,Negatif
748,for 40 bucks a head i really expect better food,Negatif,Negatif
749,i promise they wont disappoint,Positif,Negatif
750,i wont be back,Negatif,Negatif
751,what a great double cheeseburger,Positif,Negatif
752,we could not believe how dirty the oysters were,Negatif,Negatif
753,awesome service and food,Positif,Negatif
754,this place deserves no stars,Negatif,Negatif
755,a fantastic neighborhood gem ,Positif,Negatif
756,i would not recommend this place,Negatif,Negatif
757,i cant wait to go back,Positif,Negatif
758,to my disbelief each dish qualified as the worst version of these foods i have ever tasted,Negatif,Negatif
759,its a great place and i highly recommend it,Positif,Negatif
760,bad day or not i have a very low tolerance for rude customer service people it is your job to be nice and polite wash dishes otherwise,Negatif,Negatif
761,i gave it 5 stars then and im giving it 5 stars now,Positif,Negatif
762,i probably would not go here again,Negatif,Negatif
763,dessert panna cotta was amazing,Positif,Negatif
764,the wife hated her meal coconut shrimp and our friends really did not enjoy their meals either,Negatif,Negatif
765,very good food great atmosphere,Positif,Negatif
766,my fella got the huevos rancheros and they didnt look too appealing,Negatif,Negatif
767,damn good steak,Positif,Negatif
768,i probably wont be coming back here,Negatif,Negatif
769,prices are very reasonable flavors are spot on the sauce is home made and the slaw is not drenched in mayo,Positif,Negatif
770,worst foodservice ive had in a while,Negatif,Negatif
771,the decor is nice and the piano music soundtrack is pleasant,Positif,Negatif
772,hot dishes are not hot cold dishes are close to room tempi watched staff prepare food with bare hands no gloveseverything is deep fried in oil,Negatif,Negatif
773,the steak was amazingrge fillet relleno was the best seafood plate i have ever had,Positif,Negatif
774,the feel of the dining room was more college cooking course than high class dining and the service was slow at best,Negatif,Negatif
775,good food good service ,Positif,Negatif
776,i started this review with two stars but im editing it to give it only one,Negatif,Negatif
777,it was absolutely amazing,Positif,Negatif
778,this is the worst sushi i have ever eat besides costcos,Negatif,Negatif
779,will definitely be back,Positif,Negatif
780,weird vibe from owners,Negatif,Negatif
781,the sergeant pepper beef sandwich with auju sauce is an excellent sandwich as well,Positif,Negatif
782,there was hardly any meat,Negatif,Negatif
783,hawaiian breeze mango magic and pineapple delight are the smoothies that ive tried so far and theyre all good,Positif,Negatif
784,ive had better bagels from the grocery store,Negatif,Negatif
785,have been going since 2007 and every meal has been awesome,Positif,Negatif
786,now the burgers arent as good the pizza which used to be amazing is doughy and flavorless,Negatif,Negatif
787,our server was very nice and attentive as were the other serving staff,Positif,Negatif
788,i found a six inch long piece of wire in my salsa,Negatif,Negatif
789,the cashier was friendly and even brought the food out to me,Positif,Negatif
790,the service was terrible food was mediocre,Negatif,Negatif
791,the atmosphere here is fun,Positif,Negatif
792,i ordered albondigas soup  which was just warm  and tasted like tomato soup with frozen meatballs,Negatif,Negatif
793,service is quick and even to go orders are just like we like it,Positif,Negatif
794,on three different occasions i asked for well done or medium well and all three times i got the bloodiest piece of meat on my plate,Negatif,Negatif
795,that said our mouths and bellies were still quite pleased,Positif,Negatif
796,i had about two bites and refused to eat anymore,Negatif,Negatif
797,2 thumbs up,Positif,Negatif
798,the service was extremely slow,Negatif,Negatif
799,i loved the grilled pizza reminded me of legit italian pizza,Positif,Negatif
800,after 20 minutes wait i got a table,Negatif,Negatif
801,only pros  large seating area nice bar area great simple drink menu the best brick oven pizza with homemade dough,Positif,Positif
802,no allergy warnings on the menu and the waitress had absolutely no clue as to which meals did or did not contain peanuts,Negatif,Positif
803,they have a really nice atmosphere,Positif,Positif
804,pricing is a bit of a concern at mellow mushroom,Negatif,Positif
805,after one bite i was hooked,Positif,Positif
806,worst thai ever,Negatif,Positif
807,cute quaint simple honest,Positif,Positif
808,highly unprofessional and rude to a loyal patron,Negatif,Positif
809,the chicken was deliciously seasoned and had the perfect fry on the outside and moist chicken on the inside,Positif,Positif
810,spend your money elsewhere,Negatif,Positif
811,the food was great as always compliments to the chef,Positif,Positif
812,the buffet at bellagio was far from what i anticipated,Negatif,Positif
813,special thanks to dylan t for the recommendation on what to order  all yummy for my tummy,Positif,Positif
814,and the drinks are weak people,Negatif,Positif
815,awesome selection of beer,Positif,Positif
816,my order was not correct,Negatif,Positif
817,great food and awesome service,Positif,Positif
818,also i feel like the chips are bought not made in house,Negatif,Positif
819,one nice thing was that they added gratuity on the bill since our party was larger than 6 or 8 and they didnt expect more tip than that,Positif,Positif
820,after the disappointing dinner we went elsewhere for dessert,Negatif,Positif
821,the han nan chicken was also very tasty,Positif,Positif
822,we wont be returning,Negatif,Positif
823,as for the service i thought it was good,Positif,Positif
824,i seriously cannot believe that the owner has so many unexperienced employees that all are running around like chickens with their heads cut off,Negatif,Positif
825,nicest chinese restaurant ive been in a while,Positif,Positif
826,very very sad,Negatif,Positif
827,overall i like there food and the service,Positif,Positif
828,i felt insulted and disrespected how could you talk and judge another human being like that,Negatif,Positif
829,they also now serve indian naan bread with hummus and some spicy pine nut sauce that was out of this world,Positif,Positif
830,how can you call yourself a steakhouse if you cant properly cook a steak i dont understand,Negatif,Positif
831,try them in the airport to experience some tasty food and speedy friendly service,Positif,Positif
832,im not impressed with the concept or the food,Negatif,Positif
833,i love the decor with the chinese calligraphy wall paper,Positif,Positif
834,the only thing i wasnt too crazy about was their guacamole as i dont like it purã©ed,Negatif,Positif
835,never had anything to complain about here,Positif,Positif
836,there is really nothing for me at postinos hope your experience is better,Negatif,Positif
837,the restaurant is very clean and has a family restaurant feel to it,Positif,Positif
838,i got food poisoning here at the buffet,Negatif,Positif
839,there was a warm feeling with the service and i felt like their guest for a special treat,Positif,Positif
840,they brought a fresh batch of fries and i was thinking yay something warm but no,Negatif,Positif
841,an extensive menu provides lots of options for breakfast,Positif,Positif
842,what should have been a hilarious yummy christmas eve dinner to remember was the biggest fail of the entire trip for us,Negatif,Positif
843,i always order from the vegetarian menu during dinner which has a wide array of options to choose from,Positif,Positif
844,needless to say i wont be going back anytime soon,Negatif,Positif
845,wonderful lil tapas and the ambience made me feel all warm and fuzzy inside,Positif,Positif
846,this place is disgusting,Negatif,Positif
847,i got to enjoy the seafood salad with a fabulous vinegrette,Positif,Positif
848,the ri style calamari was a joke,Negatif,Positif
849,the wontons were thin not thick and chewy almost melt in your mouth,Positif,Positif
850,however there was so much garlic in the fondue it was barely edible,Negatif,Positif
851,level 5 spicy was perfect where spice didnt overwhelm the soup,Positif,Positif
852,i could barely stomach the meal but didnt complain because it was a business lunch,Negatif,Positif
853,we were sat right on time and our server from the get go was fantastic,Positif,Positif
854,it was so bad i had lost the heart to finish it,Negatif,Positif
855,when im on this side of town this will definitely be a spot ill hit up again,Positif,Positif
856,it also took her forever to bring us the check when we asked for it,Negatif,Positif
857,this is a great place to eat,Positif,Positif
858,we arent ones to make a scene at restaurants but i just dont get itdefinitely lost the love after this one,Negatif,Positif
859,the jalapeno bacon is soooo good,Positif,Positif
860,disappointing experience,Negatif,Positif
861,food was good service was good prices were good,Positif,Positif
862,the food is about on par with dennys which is to say not good at all,Negatif,Positif
863,im so happy to be here,Positif,Positif
864,if you want to wait for mediocre food and downright terrible service then this is the place for you,Negatif,Positif
865,one of the few places in phoenix that i would definately go back to again ,Positif,Positif
866,waaaaaayyyyyyyyyy over rated is all i am saying,Negatif,Positif
867,the block was amazing,Positif,Positif
868,we wont be going back,Negatif,Positif
869,its close to my house its lowkey nonfancy affordable prices good food,Positif,Positif
870,the place was fairly clean but the food simply wasnt worth it,Negatif,Positif
871, both the hot  sour  the egg flower soups were absolutely 5 stars,Positif,Positif
872,this place lacked style,Negatif,Positif
873,great time  family dinner on a sunday night,Positif,Positif
874,the sangria was about half of a glass wine full and was 12 ridiculous,Negatif,Positif
875,the flair bartenders are absolutely amazing,Positif,Positif
876,dont bother coming here,Negatif,Positif
877,these were so good we ordered them twice,Positif,Positif
878,the meat was pretty dry i had the sliced brisket and pulled pork,Negatif,Positif
879,i had a pretty satifying experience,Positif,Positif
880,the building itself seems pretty neat the bathroom is pretty trippy but i wouldnt eat here again,Negatif,Positif
881,join the club and get awesome offers via email,Positif,Positif
882,it was equally awful,Negatif,Positif
883,perfect for someone me who only likes beer ice cold or in this case even colder,Positif,Positif
884,probably not in a hurry to go back,Negatif,Positif
885,the nachos are a must have,Positif,Positif
886,very slow at seating even with reservation,Negatif,Positif
887,i dont have very many words to say about this place but it does everything pretty well,Positif,Positif
888,not good by any stretch of the imagination,Negatif,Positif
889,the staff is super nice and very quick even with the crazy crowds of the downtown juries lawyers and court staff,Positif,Positif
890,the cashew cream sauce was bland and the vegetables were undercooked,Negatif,Positif
891,great atmosphere friendly and fast service,Positif,Positif
892,the chipolte ranch dipping sause was tasteless seemed thin and watered down with no heat,Negatif,Positif
893,when i received my pita it was huge it did have a lot of meat in it so thumbs up there,Positif,Positif
894,it was a bit too sweet not really spicy enough and lacked flavor,Negatif,Positif
895,the classic maine lobster roll was fantastic,Positif,Positif
896,i was very disappointed,Negatif,Positif
897,so good i am going to have to review this place twice  once hereas a tribute to the place and once as a tribute to an event held here last night,Positif,Positif
898,this place is horrible and way overpriced,Negatif,Positif
899,the chips and salsa were really good the salsa was very fresh,Positif,Positif
900,maybe its just their vegetarian fare but ive been twice and i thought it was average at best,Negatif,Positif
901,this place is great,Positif,Positif
902,it wasnt busy at all and now we know why,Negatif,Positif
903,once you get inside youll be impressed with the place,Positif,Negatif
904,the tables outside are also dirty a lot of the time and the workers are not always friendly and helpful with the menu,Negatif,Negatif
905,and service was super friendly,Positif,Positif
906,the ambiance here did not feel like a buffet setting but more of a douchey indoor garden for tea and biscuits,Negatif,Negatif
907,this place was such a nice surprise,Positif,Positif
908,con spotty service,Negatif,Positif
909,they were goldencrispy and delicious,Positif,Positif
910,the fries were not hot and neither was my burger,Negatif,Negatif
911,i could eat their bruschetta all day it is devine,Positif,Negatif
912,but then they came back cold,Negatif,Positif
913,lastly the mozzarella sticks they were the best thing we ordered,Positif,Negatif
914,then our food came out disappointment ensued,Negatif,Positif
915,the first time i ever came here i had an amazing experience i still tell people how awesome the duck was,Positif,Negatif
916,the real disappointment was our waiter,Negatif,Positif
917,i love this place,Positif,Positif
918,my husband said she was very rude did not even apologize for the bad food or anything,Negatif,Negatif
919,i can say that the desserts were yummy,Positif,Positif
920,the only reason to eat here would be to fill up before a night of binge drinking just to get some carbs in your stomach,Negatif,Negatif
921,the seasonal fruit was fresh white peach puree,Positif,Negatif
922,insults profound deuchebaggery and had to go outside for a smoke break while serving just to solidify it,Negatif,Negatif
923,i love that they put their food in nice plastic containers as opposed to cramming it in little paper takeout boxes,Positif,Negatif
924,if someone orders two tacos dont you think it may be part of customer service to ask if it is combo or ala cart,Negatif,Negatif
925,the crãªpe was delicate and thin and moist,Positif,Negatif
926,she was quite disappointed although some blame needs to be placed at her door,Negatif,Negatif
927,best service and food ever maria our server was so good and friendly she made our day,Positif,Negatif
928,after all the rave reviews i couldnt wait to eat herewhat a disappointment,Negatif,Negatif
929,they were excellent,Positif,Positif
930,del taco is pretty nasty and should be avoided if possible,Negatif,Negatif
931,just had lunch here and had a great experience,Positif,Positif
932,its not hard to make a decent hamburger,Negatif,Negatif
933,i recently tried caballeros and i have been back every week since,Positif,Negatif
934,but i dont like it,Negatif,Positif
935,the food came out at a good pace,Positif,Positif
936,hell no will i go back,Negatif,Positif
937,i ate there twice on my last visit and especially enjoyed the salmon salad,Positif,Negatif
938,weve have gotten a much better service from the pizza place next door than the services we received from this restaurant,Negatif,Negatif
939,in fact im going to round up to 4 stars just because she was so awesome,Positif,Negatif
940,i dont know what the big deal is about this place but i wont be back yaall,Negatif,Negatif
941,the potatoes were great and so was the biscuit,Positif,Positif
942,i immediately said i wanted to talk to the manager but i did not want to talk to the guy who was doing shots of fireball behind the bar,Negatif,Negatif
943,so flavorful and has just the perfect amount of heat,Positif,Negatif
944,the ambiance isnt much better,Negatif,Negatif
945,the price is reasonable and the service is great,Positif,Negatif
946,unfortunately it only set us up for disapppointment with our entrees,Negatif,Negatif
947,went in for happy hour great list of wines,Positif,Negatif
948,the food wasnt good,Negatif,Positif
949,some may say this buffet is pricey but i think you get what you pay for and this place you are getting quite a lot,Positif,Negatif
950,your servers suck wait correction our server heimer sucked,Negatif,Negatif
951,this place is pretty good nice little vibe in the restaurant,Positif,Negatif
952,what happened next was prettyoff putting,Negatif,Negatif
953,talk about great customer service of course we will be back,Positif,Negatif
954,too bad cause i know its family owned i really wanted to like this place,Negatif,Negatif
955,i love their fries and their beans,Positif,Positif
956,overpriced for what you are getting,Negatif,Positif
957,always a pleasure dealing with him,Positif,Positif
958,i vomited in the bathroom mid lunch,Negatif,Negatif
959,they have a plethora of salads and sandwiches and everything ive tried gets my seal of approval,Positif,Negatif
960,i kept looking at the time and it had soon become 35 minutes yet still no food,Negatif,Negatif
961,this place is awesome if you want something light and healthy during the summer,Positif,Negatif
962,i have been to very few places to eat that under no circumstances would i ever return to and this tops the list,Negatif,Negatif
963,for sushi on the strip this is the place to go,Positif,Negatif
964,we started with the tuna sashimi which was brownish in color and obviously wasnt fresh,Negatif,Negatif
965,the service was great even the manager came and helped with our table,Positif,Negatif
966,food was below average,Negatif,Positif
967,all in all an excellent restaurant highlighted by great service a unique menu and a beautiful setting,Positif,Negatif
968,it sure does beat the nachos at the movies but i would expect a little bit more coming from a restaurant,Negatif,Negatif
969,my boyfriend and i sat at the bar and had a completely delightful experience,Positif,Negatif
970,all in all ha long bay was a bit of a flop,Negatif,Negatif
971,go to place for gyros,Positif,Positif
972,the problem i have is that they charge 1199 for a sandwich that is no bigger than a subway sub which offers better and more amount of vegetables,Negatif,Negatif
973,i love the ownerchef his one authentic japanese cool dude,Positif,Negatif
974,shrimp when i unwrapped it i live only 12 a mile from brushfire it was literally ice cold,Negatif,Negatif
975,we definately enjoyed ourselves,Positif,Positif
976,it lacked flavor seemed undercooked and dry,Negatif,Negatif
977,seriously killer hot chai latte,Positif,Negatif
978,it really is impressive that the place hasnt closed down,Negatif,Negatif
979,my boyfriend tried the mediterranean chicken salad and fell in love,Positif,Negatif
980,i would avoid this place if you are staying in the mirage,Negatif,Negatif
981,their rotating beers on tap is also a highlight of this place,Positif,Negatif
982,the refried beans that came with my meal were dried out and crusty and the food was bland,Negatif,Negatif
983,if you stay in vegas you must get breakfast here at least once,Positif,Negatif
984,spend your money and time some place else,Negatif,Negatif
985,i want to first say our server was great and we had perfect service,Positif,Negatif
986,a lady at the table next to us found a live green caterpillar in her salad,Negatif,Negatif
987,the pizza selections are good,Positif,Positif
988,the presentation of the food was awful,Negatif,Positif
989,i had strawberry tea which was good,Positif,Positif
990,i cant tell you how disappointed i was,Negatif,Positif
991,overall a great experience,Positif,Positif
992,i think food should have flavor and texture and both were lacking,Negatif,Negatif
993,their regular toasted bread was equally satisfying with the occasional pats of butter mmmm,Positif,Negatif
994,appetite instantly gone,Negatif,Negatif
995,the chips and sals a here is amazing,Positif,Positif
996,overall i was not impressed and would not go back,Negatif,Negatif
997,this is my new fav vegas buffet spot,Positif,Negatif
998,the whole experience was underwhelming and i think well just go to ninja sushi next time,Negatif,Negatif
999,every time i eat here i see caring teamwork to a professional degree,Positif,Negatif
1000,then as if i hadnt wasted enough of my life there they poured salt in the wound by drawing out the time it took to bring the check,Negatif,Negatif
